{
  "timestamp": "2025-06-01 13:52:02",
  "pairs_analyzed": 5,
  "period_analyzed": {
    "start": "2024-12-01",
    "end": "2025-06-01"
  },
  "usdsgd_volatility": {
    "mean_20d_volatility": 0.3838398115266274,
    "high_volatility_threshold": 0.5757597172899411,
    "high_volatility_percentage": 0.0,
    "regime_changes": 1
  },
  "correlation_insights": {
    "highest_correlation_pair": [
      "SGDJPY=X",
      "SGDJPY=X"
    ],
    "highest_correlation_value": 1.0,
    "lowest_correlation_pair": [
      "SGD=X",
      "SGDCNY=X"
    ],
    "lowest_correlation_value": -0.9559300263402197
  }
}