{
  "1d": {
    "horizon": 1,
    "total_market_return": 0.5857805636357405,
    "total_strategy_return": 1.6452844857026694,
    "market_annual_return": 7.628193895113289,
    "strategy_annual_return": 22.80086189629058,
    "market_sharpe": 1.7081790545195368,
    "strategy_sharpe": 5.5103821776966315,
    "market_max_drawdown": -0.7471243817801287,
    "strategy_max_drawdown": -0.7549940946593559,
    "win_rate": 60.0
  },
  "3d": {
    "horizon": 3,
    "total_market_return": 0.5857805636357405,
    "total_strategy_return": 1.6466910538582402,
    "market_annual_return": 7.628193895113289,
    "strategy_annual_return": 22.82225159376654,
    "market_sharpe": 1.7081790545195368,
    "strategy_sharpe": 7.570776699297077,
    "market_max_drawdown": -0.7471243817801287,
    "strategy_max_drawdown": -0.20996316878398869,
    "win_rate": 50.0
  },
  "5d": {
    "horizon": 5,
    "total_market_return": 0.5857805636357405,
    "total_strategy_return": 0.3453616868907661,
    "market_annual_return": 7.628193895113289,
    "strategy_annual_return": 4.434829323003453,
    "market_sharpe": 1.7081790545195368,
    "strategy_sharpe": 1.1100255013961873,
    "market_max_drawdown": -0.7471243817801287,
    "strategy_max_drawdown": -0.745338614411728,
    "win_rate": 50.0
  },
  "10d": {
    "horizon": 10,
    "total_market_return": 0.5857805636357405,
    "total_strategy_return": 0.6288631086830421,
    "market_annual_return": 7.628193895113289,
    "strategy_annual_return": 8.209846366675922,
    "market_sharpe": 1.7081790545195368,
    "strategy_sharpe": 2.903894121541068,
    "market_max_drawdown": -0.7471243817801287,
    "strategy_max_drawdown": -0.4485417868890895,
    "win_rate": 35.0
  }
}