feature,importance
rsi_14,0.1962769103602714
macd_hist,0.16661099702371104
sma_5_10_cross,0.16505092850112627
volatility_30d,0.16368113982293664
bb_width,0.09712611021198979
macd_signal,0.05344124096748812
sma_50,0.047147851296813606
sma_20,0.03541300705564725
sma_20_50_cross,0.0291176204959389
volatility_20d,0.020184590446071123
sma_10_20_cross,0.01579201928827817
sma_5,0.00855772592803463
macd,0.0015998586016930626
bb_position,0.0
volatility_10d,0.0
sma_10,0.0
atr_14_norm,0.0
atr_14,0.0
vol_ratio_10_30,0.0
vol_ratio_5_20,0.0
volatility_5d,0.0
ema_26,0.0
momentum_5d,0.0
ema_12,0.0
momentum_10d,0.0
momentum_20d,0.0
dist_from_sma_10,0.0
volatility_regime,0.0
dist_from_sma_20,0.0
dist_from_sma_50,0.0
bb_upper_breakout,0.0
bb_lower_breakout,0.0
