feature,importance
momentum_10d,0.4697697176095685
momentum_5d,0.3168395123325607
vol_ratio_10_30,0.06623701414816621
dist_from_sma_50,0.06075625057478834
dist_from_sma_10,0.04629842519037584
bb_position,0.02190757690794467
dist_from_sma_20,0.01819150323659578
sma_20,0.0
sma_20_50_cross,0.0
volatility_5d,0.0
volatility_20d,0.0
sma_5,0.0
sma_50,0.0
sma_5_10_cross,0.0
sma_10_20_cross,0.0
sma_10,0.0
atr_14_norm,0.0
atr_14,0.0
vol_ratio_5_20,0.0
volatility_30d,0.0
volatility_10d,0.0
macd,0.0
rsi_14,0.0
ema_12,0.0
macd_signal,0.0
macd_hist,0.0
ema_26,0.0
volatility_regime,0.0
momentum_20d,0.0
bb_width,0.0
bb_upper_breakout,0.0
bb_lower_breakout,0.0
