{
  "signal_1d": {
    "random_forest": {
      "accuracy": 0.25,
      "precision": 0.25,
      "recall": 1.0,
      "f1": 0.4,
      "confusion_matrix": [
        [
          0,
          3
        ],
        [
          0,
          1
        ]
      ],
      "feature_columns": [
        "sma_5",
        "sma_10",
        "sma_20",
        "sma_50",
        "sma_5_10_cross",
        "sma_10_20_cross",
        "sma_20_50_cross",
        "bb_position",
        "volatility_5d",
        "volatility_10d",
        "volatility_20d",
        "volatility_30d",
        "vol_ratio_5_20",
        "vol_ratio_10_30",
        "atr_14",
        "atr_14_norm",
        "rsi_14",
        "ema_12",
        "ema_26",
        "macd",
        "macd_signal",
        "macd_hist",
        "momentum_5d",
        "momentum_10d",
        "momentum_20d",
        "volatility_regime",
        "dist_from_sma_10",
        "dist_from_sma_20",
        "dist_from_sma_50",
        "bb_width",
        "bb_upper_breakout",
        "bb_lower_breakout"
      ]
    },
    "gradient_boosting": {
      "accuracy": 0.0,
      "precision": 0.0,
      "recall": 0.0,
      "f1": 0.0,
      "confusion_matrix": [
        [
          0,
          3
        ],
        [
          1,
          0
        ]
      ],
      "feature_columns": [
        "sma_5",
        "sma_10",
        "sma_20",
        "sma_50",
        "sma_5_10_cross",
        "sma_10_20_cross",
        "sma_20_50_cross",
        "bb_position",
        "volatility_5d",
        "volatility_10d",
        "volatility_20d",
        "volatility_30d",
        "vol_ratio_5_20",
        "vol_ratio_10_30",
        "atr_14",
        "atr_14_norm",
        "rsi_14",
        "ema_12",
        "ema_26",
        "macd",
        "macd_signal",
        "macd_hist",
        "momentum_5d",
        "momentum_10d",
        "momentum_20d",
        "volatility_regime",
        "dist_from_sma_10",
        "dist_from_sma_20",
        "dist_from_sma_50",
        "bb_width",
        "bb_upper_breakout",
        "bb_lower_breakout"
      ]
    }
  },
  "signal_3d": {
    "random_forest": {
      "accuracy": 0.25,
      "precision": 0.25,
      "recall": 1.0,
      "f1": 0.4,
      "confusion_matrix": [
        [
          0,
          3
        ],
        [
          0,
          1
        ]
      ],
      "feature_columns": [
        "sma_5",
        "sma_10",
        "sma_20",
        "sma_50",
        "sma_5_10_cross",
        "sma_10_20_cross",
        "sma_20_50_cross",
        "bb_position",
        "volatility_5d",
        "volatility_10d",
        "volatility_20d",
        "volatility_30d",
        "vol_ratio_5_20",
        "vol_ratio_10_30",
        "atr_14",
        "atr_14_norm",
        "rsi_14",
        "ema_12",
        "ema_26",
        "macd",
        "macd_signal",
        "macd_hist",
        "momentum_5d",
        "momentum_10d",
        "momentum_20d",
        "volatility_regime",
        "dist_from_sma_10",
        "dist_from_sma_20",
        "dist_from_sma_50",
        "bb_width",
        "bb_upper_breakout",
        "bb_lower_breakout"
      ]
    },
    "gradient_boosting": {
      "accuracy": 0.75,
      "precision": 0.5,
      "recall": 1.0,
      "f1": 0.6666666666666666,
      "confusion_matrix": [
        [
          2,
          1
        ],
        [
          0,
          1
        ]
      ],
      "feature_columns": [
        "sma_5",
        "sma_10",
        "sma_20",
        "sma_50",
        "sma_5_10_cross",
        "sma_10_20_cross",
        "sma_20_50_cross",
        "bb_position",
        "volatility_5d",
        "volatility_10d",
        "volatility_20d",
        "volatility_30d",
        "vol_ratio_5_20",
        "vol_ratio_10_30",
        "atr_14",
        "atr_14_norm",
        "rsi_14",
        "ema_12",
        "ema_26",
        "macd",
        "macd_signal",
        "macd_hist",
        "momentum_5d",
        "momentum_10d",
        "momentum_20d",
        "volatility_regime",
        "dist_from_sma_10",
        "dist_from_sma_20",
        "dist_from_sma_50",
        "bb_width",
        "bb_upper_breakout",
        "bb_lower_breakout"
      ]
    }
  },
  "signal_5d": {
    "random_forest": {
      "accuracy": 0.0,
      "precision": 0.0,
      "recall": 0.0,
      "f1": 0.0,
      "confusion_matrix": [
        [
          0,
          4
        ],
        [
          0,
          0
        ]
      ],
      "feature_columns": [
        "sma_5",
        "sma_10",
        "sma_20",
        "sma_50",
        "sma_5_10_cross",
        "sma_10_20_cross",
        "sma_20_50_cross",
        "bb_position",
        "volatility_5d",
        "volatility_10d",
        "volatility_20d",
        "volatility_30d",
        "vol_ratio_5_20",
        "vol_ratio_10_30",
        "atr_14",
        "atr_14_norm",
        "rsi_14",
        "ema_12",
        "ema_26",
        "macd",
        "macd_signal",
        "macd_hist",
        "momentum_5d",
        "momentum_10d",
        "momentum_20d",
        "volatility_regime",
        "dist_from_sma_10",
        "dist_from_sma_20",
        "dist_from_sma_50",
        "bb_width",
        "bb_upper_breakout",
        "bb_lower_breakout"
      ]
    },
    "gradient_boosting": {
      "accuracy": 0.25,
      "precision": 0.0,
      "recall": 0.0,
      "f1": 0.0,
      "confusion_matrix": [
        [
          1,
          3
        ],
        [
          0,
          0
        ]
      ],
      "feature_columns": [
        "sma_5",
        "sma_10",
        "sma_20",
        "sma_50",
        "sma_5_10_cross",
        "sma_10_20_cross",
        "sma_20_50_cross",
        "bb_position",
        "volatility_5d",
        "volatility_10d",
        "volatility_20d",
        "volatility_30d",
        "vol_ratio_5_20",
        "vol_ratio_10_30",
        "atr_14",
        "atr_14_norm",
        "rsi_14",
        "ema_12",
        "ema_26",
        "macd",
        "macd_signal",
        "macd_hist",
        "momentum_5d",
        "momentum_10d",
        "momentum_20d",
        "volatility_regime",
        "dist_from_sma_10",
        "dist_from_sma_20",
        "dist_from_sma_50",
        "bb_width",
        "bb_upper_breakout",
        "bb_lower_breakout"
      ]
    }
  },
  "signal_10d": {
    "random_forest": {
      "accuracy": 0.75,
      "precision": 0.0,
      "recall": 0.0,
      "f1": 0.0,
      "confusion_matrix": [
        [
          3,
          1
        ],
        [
          0,
          0
        ]
      ],
      "feature_columns": [
        "sma_5",
        "sma_10",
        "sma_20",
        "sma_50",
        "sma_5_10_cross",
        "sma_10_20_cross",
        "sma_20_50_cross",
        "bb_position",
        "volatility_5d",
        "volatility_10d",
        "volatility_20d",
        "volatility_30d",
        "vol_ratio_5_20",
        "vol_ratio_10_30",
        "atr_14",
        "atr_14_norm",
        "rsi_14",
        "ema_12",
        "ema_26",
        "macd",
        "macd_signal",
        "macd_hist",
        "momentum_5d",
        "momentum_10d",
        "momentum_20d",
        "volatility_regime",
        "dist_from_sma_10",
        "dist_from_sma_20",
        "dist_from_sma_50",
        "bb_width",
        "bb_upper_breakout",
        "bb_lower_breakout"
      ]
    },
    "gradient_boosting": {
      "accuracy": 0.75,
      "precision": 0.0,
      "recall": 0.0,
      "f1": 0.0,
      "confusion_matrix": [
        [
          3,
          1
        ],
        [
          0,
          0
        ]
      ],
      "feature_columns": [
        "sma_5",
        "sma_10",
        "sma_20",
        "sma_50",
        "sma_5_10_cross",
        "sma_10_20_cross",
        "sma_20_50_cross",
        "bb_position",
        "volatility_5d",
        "volatility_10d",
        "volatility_20d",
        "volatility_30d",
        "vol_ratio_5_20",
        "vol_ratio_10_30",
        "atr_14",
        "atr_14_norm",
        "rsi_14",
        "ema_12",
        "ema_26",
        "macd",
        "macd_signal",
        "macd_hist",
        "momentum_5d",
        "momentum_10d",
        "momentum_20d",
        "volatility_regime",
        "dist_from_sma_10",
        "dist_from_sma_20",
        "dist_from_sma_50",
        "bb_width",
        "bb_upper_breakout",
        "bb_lower_breakout"
      ]
    }
  }
}