feature,importance
sma_10_20_cross,0.1
volatility_20d,0.09
sma_20,0.08
volatility_30d,0.07
macd_hist,0.06
atr_14_norm,0.05757575757575758
sma_5,0.05
vol_ratio_5_20,0.05
dist_from_sma_50,0.05
macd,0.05
ema_12,0.05
sma_5_10_cross,0.04242424242424242
sma_20_50_cross,0.04
macd_signal,0.04
rsi_14,0.03
sma_50,0.03
dist_from_sma_10,0.026923076923076925
atr_14,0.02
dist_from_sma_20,0.02
bb_width,0.02
bb_position,0.01
momentum_10d,0.01
ema_26,0.003076923076923077
sma_10,0.0
vol_ratio_10_30,0.0
volatility_5d,0.0
volatility_10d,0.0
momentum_5d,0.0
momentum_20d,0.0
volatility_regime,0.0
bb_upper_breakout,0.0
bb_lower_breakout,0.0
