{
  "1d": {
    "date": "2025-04-09",
    "signal": 1,
    "probability": 0.9999860821705026,
    "direction": "BUY",
    "confidence": "HIGH"
  },
  "3d": {
    "date": "2025-04-09",
    "signal": 1,
    "probability": 0.9901439897584644,
    "direction": "BUY",
    "confidence": "HIGH"
  },
  "5d": {
    "date": "2025-04-09",
    "signal": 0,
    "probability": 0.07976649567569556,
    "direction": "SELL",
    "confidence": "HIGH"
  },
  "10d": {
    "date": "2025-04-09",
    "signal": 1,
    "probability": 0.564182882287909,
    "direction": "BUY",
    "confidence": "LOW"
  }
}